filename,NOSE_x,NOSE_yNOSE_score,LEFT_EYE_x,LEFT_EYE_yLEFT_EYE_score,RIGHT_EYE_x,RIGHT_EYE_yRIGHT_EYE_score,LEFT_EAR_x,LEFT_EAR_yLEFT_EAR_score,RIGHT_EAR_x,RIGHT_EAR_yRIGHT_EAR_score,LEFT_SHOULDER_x,LEFT_SHOULDER_yLEFT_SHOULDER_score,RIGHT_SHOULDER_x,RIGHT_SHOULDER_yRIGHT_SHOULDER_score,LEFT_ELBOW_x,LEFT_ELBOW_yLEFT_ELBOW_score,RIGHT_ELBOW_x,RIGHT_ELBOW_yRIGHT_ELBOW_score,LEFT_WRIST_x,LEFT_WRIST_yLEFT_WRIST_score,RIGHT_WRIST_x,RIGHT_WRIST_yRIGHT_WRIST_score,LEFT_HIP_x,LEFT_HIP_yLEFT_HIP_score,RIGHT_HIP_x,RIGHT_HIP_yRIGHT_HIP_score,LEFT_KNEE_x,LEFT_KNEE_yLEFT_KNEE_score,RIGHT_KNEE_x,RIGHT_KNEE_yRIGHT_KNEE_score,LEFT_ANKLE_x,LEFT_ANKLE_yLEFT_ANKLE_score,RIGHT_ANKLE_x,RIGHT_ANKLE_yRIGHT_ANKLE_score,35,36,37,38,39,40,41,42,43,44,45,46,47,48,49,50,51,pose_no,pose_name
"hip/tf.Tensor(
[[[254 254 254]
  [254 254 254]
  [254 254 254]
  ...
  [254 254 254]
  [254 254 254]
  [254 254 254]]

 [[254 254 254]
  [254 254 254]
  [254 254 254]
  ...
  [254 254 254]
  [254 254 254]
  [254 254 254]]

 [[254 254 254]
  [254 254 254]
  [254 254 254]
  ...
  [254 254 254]
  [254 254 254]
  [254 254 254]]

 ...

 [[254 254 254]
  [254 254 254]
  [254 254 254]
  ...
  [254 254 254]
  [254 254 254]
  [254 254 254]]

 [[254 254 254]
  [254 254 254]
  [254 254 254]
  ...
  [254 254 254]
  [254 254 254]
  [254 254 254]]

 [[254 254 254]
  [254 254 254]
  [254 254 254]
  ...
  [254 254 254]
  [254 254 254]
  [254 254 254]]], shape=(360, 640, 3), dtype=uint8)",308.0,51.0,0.34262577,304.0,44.0,0.49887943,313.0,45.0,0.44670308,303.0,50.0,0.5184147,317.0,50.0,0.5515872,280.0,83.0,0.6648718,340.0,82.0,0.6100811,253.0,125.0,0.73430634,362.0,127.0,0.66244197,259.0,161.0,0.54949105,349.0,157.0,0.27349642,295.0,176.0,0.44185042,319.0,177.0,0.56154805,320.0,251.0,0.26956367,322.0,251.0,0.26120055,328.0,324.0,0.5706736,309.0,321.0,0.34677964,0,hip
"hip/tf.Tensor(
[[[254 254 254]
  [254 254 254]
  [254 254 254]
  ...
  [254 254 254]
  [254 254 254]
  [254 254 254]]

 [[254 254 254]
  [254 254 254]
  [254 254 254]
  ...
  [254 254 254]
  [254 254 254]
  [254 254 254]]

 [[254 254 254]
  [254 254 254]
  [254 254 254]
  ...
  [254 254 254]
  [254 254 254]
  [254 254 254]]

 ...

 [[254 254 254]
  [254 254 254]
  [254 254 254]
  ...
  [254 254 254]
  [254 254 254]
  [254 254 254]]

 [[254 254 254]
  [254 254 254]
  [254 254 254]
  ...
  [254 254 254]
  [254 254 254]
  [254 254 254]]

 [[254 254 254]
  [254 254 254]
  [254 254 254]
  ...
  [254 254 254]
  [254 254 254]
  [254 254 254]]], shape=(450, 305, 3), dtype=uint8)",147.0,56.0,0.7454486,155.0,46.0,0.88322407,141.0,49.0,0.7110173,171.0,49.0,0.7004199,141.0,52.0,0.78366876,189.0,88.0,0.8221427,135.0,88.0,0.9085931,221.0,152.0,0.91005784,123.0,133.0,0.58061284,182.0,193.0,0.732775,113.0,161.0,0.7069107,155.0,208.0,0.8097039,119.0,205.0,0.8980561,174.0,308.0,0.8944063,125.0,302.0,0.9086583,205.0,406.0,0.92487895,131.0,396.0,0.87935257,0,hip
"hip/tf.Tensor(
[[[254 254 254]
  [254 254 254]
  [254 254 254]
  ...
  [254 254 254]
  [254 254 254]
  [254 254 254]]

 [[254 254 254]
  [254 254 254]
  [254 254 254]
  ...
  [254 254 254]
  [254 254 254]
  [254 254 254]]

 [[254 254 254]
  [254 254 254]
  [254 254 254]
  ...
  [254 254 254]
  [254 254 254]
  [254 254 254]]

 ...

 [[254 254 254]
  [254 254 254]
  [254 254 254]
  ...
  [254 254 254]
  [254 254 254]
  [254 254 254]]

 [[254 254 254]
  [254 254 254]
  [254 254 254]
  ...
  [254 254 254]
  [254 254 254]
  [254 254 254]]

 [[254 254 254]
  [254 254 254]
  [254 254 254]
  ...
  [254 254 254]
  [254 254 254]
  [254 254 254]]], shape=(450, 300, 3), dtype=uint8)",141.0,60.0,0.84229237,149.0,51.0,0.752056,133.0,51.0,0.8245627,161.0,55.0,0.7045207,125.0,55.0,0.746528,183.0,94.0,0.7154433,106.0,98.0,0.8968735,216.0,153.0,0.84013855,65.0,151.0,0.8771189,190.0,206.0,0.78780943,73.0,202.0,0.8400775,159.0,213.0,0.9259302,109.0,211.0,0.89676005,188.0,310.0,0.8499465,98.0,315.0,0.78550375,221.0,406.0,0.72924185,92.0,401.0,0.8683779,0,hip
"hip/tf.Tensor(
[[[255 255 255]
  [255 255 255]
  [255 255 255]
  ...
  [255 255 255]
  [255 255 255]
  [255 255 255]]

 [[255 255 255]
  [255 255 255]
  [255 255 255]
  ...
  [255 255 255]
  [255 255 255]
  [255 255 255]]

 [[255 255 255]
  [255 255 255]
  [255 255 255]
  ...
  [255 255 255]
  [255 255 255]
  [255 255 255]]

 ...

 [[255 255 255]
  [255 255 255]
  [255 255 255]
  ...
  [255 255 255]
  [255 255 255]
  [255 255 255]]

 [[255 255 255]
  [255 255 255]
  [255 255 255]
  ...
  [255 255 255]
  [255 255 255]
  [255 255 255]]

 [[255 255 255]
  [255 255 255]
  [255 255 255]
  ...
  [255 255 255]
  [255 255 255]
  [255 255 255]]], shape=(298, 174, 3), dtype=uint8)",91.0,39.0,0.749948,98.0,31.0,0.8701445,84.0,31.0,0.87242544,105.0,35.0,0.8045161,72.0,36.0,0.7319236,130.0,73.0,0.87233907,46.0,72.0,0.9419668,154.0,123.0,0.6237043,23.0,127.0,0.8277068,133.0,156.0,0.5636411,41.0,168.0,0.8001552,107.0,177.0,0.84258413,59.0,180.0,0.77890074,102.0,258.0,0.37965587,61.0,258.0,0.5124551,104.0,291.0,0.28075427,59.0,281.0,0.15674783,0,hip
"hip/tf.Tensor(
[[[103 174 253]
  [103 174 253]
  [103 174 253]
  ...
  [103 174 253]
  [103 174 253]
  [103 174 253]]

 [[103 174 253]
  [103 174 253]
  [103 174 253]
  ...
  [103 174 253]
  [103 174 253]
  [103 174 253]]

 [[103 174 253]
  [103 174 253]
  [103 174 253]
  ...
  [103 174 253]
  [103 174 253]
  [103 174 253]]

 ...

 [[247 221 173]
  [247 221 173]
  [247 221 173]
  ...
  [247 221 173]
  [247 221 173]
  [247 221 173]]

 [[247 221 173]
  [247 221 173]
  [247 221 173]
  ...
  [247 221 173]
  [247 221 173]
  [247 221 173]]

 [[247 221 173]
  [247 221 173]
  [247 221 173]
  ...
  [247 221 173]
  [247 221 173]
  [247 221 173]]], shape=(1024, 1024, 3), dtype=uint8)",511.0,228.0,0.5497151,538.0,203.0,0.76067,484.0,202.0,0.8129839,561.0,226.0,0.53832483,448.0,221.0,0.6654166,556.0,329.0,0.8145697,450.0,320.0,0.672127,612.0,430.0,0.7785052,421.0,438.0,0.4649482,553.0,479.0,0.73107576,420.0,465.0,0.29928905,520.0,537.0,0.6307112,462.0,540.0,0.69573236,505.0,717.0,0.6637614,469.0,712.0,0.54559875,498.0,905.0,0.6410656,495.0,893.0,0.55130744,0,hip
"hip/tf.Tensor(
[[[205 161 136]
  [204 160 135]
  [206 164 139]
  ...
  [ 59  55  46]
  [ 59  55  46]
  [ 60  56  47]]

 [[200 158 136]
  [205 164 142]
  [213 172 150]
  ...
  [ 58  54  45]
  [ 56  52  43]
  [ 56  52  43]]

 [[199 162 146]
  [200 163 147]
  [197 164 145]
  ...
  [ 61  57  48]
  [ 60  56  47]
  [ 60  56  47]]

 ...

 [[  0   0   0]
  [  0   0   0]
  [  0   0   0]
  ...
  [ 42  28  25]
  [ 41  27  24]
  [ 42  28  25]]

 [[  0   0   0]
  [  0   0   0]
  [  0   0   0]
  ...
  [ 42  28  27]
  [ 41  27  24]
  [ 43  29  26]]

 [[  0   0   0]
  [  0   0   0]
  [  0   0   0]
  ...
  [ 41  27  26]
  [ 42  28  25]
  [ 44  30  27]]], shape=(531, 310, 3), dtype=uint8)",151.0,70.0,0.67241156,160.0,59.0,0.52836573,148.0,61.0,0.7149112,191.0,56.0,0.7854649,156.0,62.0,0.43711925,236.0,95.0,0.69086933,155.0,115.0,0.6039447,284.0,156.0,0.7911652,148.0,172.0,0.4014414,267.0,218.0,0.83540744,136.0,196.0,0.45163915,251.0,219.0,0.72704566,206.0,222.0,0.6639898,241.0,323.0,0.72994876,177.0,320.0,0.7877767,228.0,417.0,0.6782364,190.0,410.0,0.6466445,0,hip
"hip/tf.Tensor(
[[[127 138 132]
  [127 138 132]
  [128 139 133]
  ...
  [ 86  88  77]
  [ 86  88  77]
  [ 86  88  77]]

 [[127 138 132]
  [127 138 132]
  [128 139 133]
  ...
  [ 86  88  77]
  [ 86  88  77]
  [ 86  88  77]]

 [[127 138 132]
  [127 138 132]
  [128 139 133]
  ...
  [ 86  88  77]
  [ 86  88  77]
  [ 86  88  77]]

 ...

 [[ 12  32  39]
  [ 12  32  39]
  [ 12  32  39]
  ...
  [ 42  27  20]
  [ 42  27  20]
  [ 41  26  19]]

 [[ 14  34  41]
  [ 14  34  41]
  [ 14  34  41]
  ...
  [ 43  28  23]
  [ 43  28  23]
  [ 43  28  23]]

 [[ 14  34  41]
  [ 14  34  41]
  [ 14  34  41]
  ...
  [ 43  28  23]
  [ 43  28  23]
  [ 43  28  23]]], shape=(1146, 1908, 3), dtype=uint8)",825.0,259.0,0.7360144,847.0,189.0,0.8093772,746.0,221.0,0.64959884,883.0,190.0,0.53313327,660.0,268.0,0.568442,1099.0,465.0,0.699527,594.0,520.0,0.70527184,1295.0,805.0,0.5977526,569.0,857.0,0.54449946,1229.0,1127.0,0.5287848,455.0,1117.0,0.5022415,1013.0,1205.0,0.5092724,683.0,1187.0,0.6734282,1833.0,854.0,0.7128275,1648.0,849.0,0.5364799,1809.0,1099.0,0.3681201,1667.0,1079.0,0.49506423,0,hip
"hip/tf.Tensor(
[[[255 255 255]
  [255 255 255]
  [255 255 255]
  ...
  [255 255 255]
  [255 255 255]
  [255 255 255]]

 [[255 255 255]
  [255 255 255]
  [255 255 255]
  ...
  [255 255 255]
  [255 255 255]
  [255 255 255]]

 [[255 255 255]
  [255 255 255]
  [255 255 255]
  ...
  [255 255 255]
  [255 255 255]
  [255 255 255]]

 ...

 [[249 249 249]
  [255 255 255]
  [255 255 255]
  ...
  [252 252 252]
  [255 255 255]
  [255 255 255]]

 [[254 254 254]
  [249 249 249]
  [253 253 253]
  ...
  [255 255 255]
  [239 239 239]
  [254 254 254]]

 [[255 255 255]
  [254 254 254]
  [255 255 255]
  ...
  [253 253 253]
  [255 255 255]
  [255 255 255]]], shape=(280, 152, 3), dtype=uint8)",67.0,23.0,0.5489944,63.0,18.0,0.77576226,70.0,18.0,0.6523716,59.0,25.0,0.68692267,77.0,25.0,0.7884311,43.0,48.0,0.95119625,97.0,47.0,0.9058183,18.0,78.0,0.88848144,118.0,80.0,0.9114196,37.0,108.0,0.7328732,104.0,113.0,0.7565107,54.0,121.0,0.8185636,84.0,121.0,0.9117007,56.0,190.0,0.73612285,97.0,184.0,0.831856,61.0,245.0,0.6256642,107.0,246.0,0.747067,0,hip
"hip/tf.Tensor(
[[[255 255 255]
  [255 255 255]
  [255 255 255]
  ...
  [255 255 255]
  [255 255 255]
  [255 255 255]]

 [[255 255 255]
  [255 255 255]
  [255 255 255]
  ...
  [255 255 255]
  [255 255 255]
  [255 255 255]]

 [[255 255 255]
  [255 255 255]
  [255 255 255]
  ...
  [255 255 255]
  [255 255 255]
  [255 255 255]]

 ...

 [[  3   3   3]
  [255 255 255]
  [253 253 253]
  ...
  [252 252 252]
  [255 255 255]
  [255 255 255]]

 [[  3   3   3]
  [255 255 255]
  [253 253 253]
  ...
  [255 255 255]
  [255 255 255]
  [255 255 255]]

 [[  3   3   3]
  [255 255 255]
  [253 253 253]
  ...
  [251 251 251]
  [255 255 255]
  [255 255 255]]], shape=(280, 161, 3), dtype=uint8)",81.0,33.0,0.6590802,77.0,27.0,0.676051,86.0,27.0,0.7892135,71.0,34.0,0.6970563,92.0,33.0,0.82048476,62.0,57.0,0.89172053,106.0,58.0,0.8495638,42.0,91.0,0.81798786,127.0,92.0,0.89295495,53.0,119.0,0.76465726,112.0,120.0,0.8426829,71.0,132.0,0.8432332,95.0,134.0,0.7547638,75.0,188.0,0.8399478,98.0,181.0,0.7786885,81.0,237.0,0.7516009,102.0,227.0,0.88562995,0,hip
"hip/tf.Tensor(
[[[255 255 255]
  [255 255 255]
  [255 255 255]
  ...
  [255 255 255]
  [255 255 255]
  [255 255 255]]

 [[255 255 255]
  [255 255 255]
  [255 255 255]
  ...
  [255 255 255]
  [255 255 255]
  [255 255 255]]

 [[255 255 255]
  [255 255 255]
  [255 255 255]
  ...
  [255 255 255]
  [255 255 255]
  [255 255 255]]

 ...

 [[255 255 255]
  [255 255 255]
  [255 255 255]
  ...
  [255 255 255]
  [255 255 255]
  [255 255 255]]

 [[255 255 255]
  [255 255 255]
  [255 255 255]
  ...
  [255 255 255]
  [255 255 255]
  [255 255 255]]

 [[255 255 255]
  [255 255 255]
  [255 255 255]
  ...
  [255 255 255]
  [255 255 255]
  [255 255 255]]], shape=(1000, 667, 3), dtype=uint8)",348.0,125.0,0.6489159,366.0,107.0,0.53882766,331.0,105.0,0.61925596,389.0,112.0,0.8220653,312.0,106.0,0.7868906,438.0,184.0,0.8094534,251.0,200.0,0.9450726,559.0,289.0,0.94250196,175.0,327.0,0.7935913,481.0,394.0,0.66193664,245.0,422.0,0.8672384,428.0,471.0,0.907811,304.0,476.0,0.92862856,469.0,701.0,0.9036254,260.0,701.0,0.9057052,511.0,909.0,0.8901694,207.0,910.0,0.82816565,0,hip
"hip/tf.Tensor(
[[[255 255 255]
  [255 255 255]
  [255 255 255]
  ...
  [255 255 255]
  [255 255 255]
  [255 255 255]]

 [[255 255 255]
  [255 255 255]
  [255 255 255]
  ...
  [255 255 255]
  [255 255 255]
  [255 255 255]]

 [[255 255 255]
  [255 255 255]
  [255 255 255]
  ...
  [255 255 255]
  [255 255 255]
  [255 255 255]]

 ...

 [[255 255 255]
  [255 255 255]
  [255 255 255]
  ...
  [255 255 255]
  [255 255 255]
  [255 255 255]]

 [[255 255 255]
  [255 255 255]
  [255 255 255]
  ...
  [255 255 255]
  [255 255 255]
  [255 255 255]]

 [[255 255 255]
  [255 255 255]
  [255 255 255]
  ...
  [255 255 255]
  [255 255 255]
  [255 255 255]]], shape=(280, 267, 3), dtype=uint8)",141.0,93.0,0.70228213,153.0,86.0,0.93607485,135.0,80.0,0.93323976,161.0,95.0,0.8687507,122.0,81.0,0.75536036,179.0,129.0,0.804206,94.0,129.0,0.92206126,241.0,183.0,0.76347667,29.0,182.0,0.7679167,192.0,226.0,0.91926605,88.0,224.0,0.6284728,164.0,257.0,0.8269611,111.0,257.0,0.8276114,158.0,277.0,0.14537606,111.0,272.0,0.22004563,162.0,281.0,0.10982784,137.0,273.0,0.18329394,0,hip
"hip/tf.Tensor(
[[[254 254 254]
  [254 254 254]
  [254 254 254]
  ...
  [254 254 254]
  [254 254 254]
  [254 254 254]]

 [[254 254 254]
  [254 254 254]
  [254 254 254]
  ...
  [254 254 254]
  [254 254 254]
  [254 254 254]]

 [[254 254 254]
  [254 254 254]
  [254 254 254]
  ...
  [254 254 254]
  [254 254 254]
  [254 254 254]]

 ...

 [[254 254 254]
  [254 254 254]
  [254 254 254]
  ...
  [254 254 254]
  [254 254 254]
  [254 254 254]]

 [[254 254 254]
  [254 254 254]
  [254 254 254]
  ...
  [254 254 254]
  [254 254 254]
  [254 254 254]]

 [[254 254 254]
  [254 254 254]
  [254 254 254]
  ...
  [254 254 254]
  [254 254 254]
  [254 254 254]]], shape=(1300, 885, 3), dtype=uint8)",396.0,147.0,0.7934528,419.0,118.0,0.6261149,369.0,124.0,0.7869205,451.0,132.0,0.91133016,341.0,143.0,0.68027467,507.0,262.0,0.8943687,284.0,257.0,0.79162323,659.0,413.0,0.93262076,166.0,418.0,0.93554866,540.0,540.0,0.89299846,238.0,562.0,0.7676871,461.0,601.0,0.92211396,326.0,606.0,0.9249056,454.0,905.0,0.90330184,272.0,895.0,0.8082006,432.0,1166.0,0.85386735,311.0,1169.0,0.8635939,0,hip
"hip/tf.Tensor(
[[[108 107 103]
  [ 42  41  37]
  [ 46  45  41]
  ...
  [ 42  41  37]
  [ 47  46  42]
  [ 61  60  56]]

 [[102 101  97]
  [ 46  45  41]
  [ 53  52  48]
  ...
  [ 56  55  51]
  [ 56  55  51]
  [ 53  52  48]]

 [[107 106 102]
  [ 50  49  45]
  [ 52  51  47]
  ...
  [ 47  46  42]
  [ 50  49  45]
  [ 43  42  38]]

 ...

 [[ 93  92  88]
  [ 47  46  42]
  [ 56  55  51]
  ...
  [ 48  47  43]
  [ 55  54  50]
  [ 50  49  45]]

 [[ 94  93  89]
  [ 49  48  44]
  [ 44  43  39]
  ...
  [ 49  48  44]
  [ 49  48  44]
  [ 46  45  41]]

 [[133 132 128]
  [106 105 101]
  [ 93  92  88]
  ...
  [ 97  96  92]
  [ 93  92  88]
  [ 97  96  92]]], shape=(808, 600, 3), dtype=uint8)",495.0,443.0,0.38820404,495.0,438.0,0.40740895,492.0,439.0,0.42455086,498.0,440.0,0.47573036,490.0,442.0,0.32882142,513.0,471.0,0.5315155,489.0,472.0,0.5108957,540.0,500.0,0.24587093,457.0,505.0,0.38314375,525.0,522.0,0.3232829,486.0,523.0,0.23347229,510.0,539.0,0.47585464,497.0,541.0,0.5198821,517.0,599.0,0.3982954,503.0,597.0,0.32422578,515.0,656.0,0.29684454,505.0,654.0,0.20265345,0,hip
"hip/tf.Tensor(
[[[255 255 255]
  [255 255 255]
  [255 255 255]
  ...
  [255 255 255]
  [255 255 255]
  [255 255 255]]

 [[255 255 255]
  [255 255 255]
  [255 255 255]
  ...
  [255 255 255]
  [255 255 255]
  [255 255 255]]

 [[255 255 255]
  [255 255 255]
  [255 255 255]
  ...
  [255 255 255]
  [255 255 255]
  [255 255 255]]

 ...

 [[  0   0   0]
  [  0   0   0]
  [  0   0   0]
  ...
  [  0   0   0]
  [  0   0   0]
  [  0   0   0]]

 [[  0   0   0]
  [  0   0   0]
  [  0   0   0]
  ...
  [  0   0   0]
  [  0   0   0]
  [  0   0   0]]

 [[  0   0   0]
  [  0   0   0]
  [  0   0   0]
  ...
  [  0   0   0]
  [  0   0   0]
  [  0   0   0]]], shape=(1390, 866, 3), dtype=uint8)",392.0,216.0,0.59949625,420.0,206.0,0.902509,386.0,205.0,0.5504961,478.0,238.0,0.7129965,400.0,228.0,0.73463917,531.0,350.0,0.9047725,330.0,348.0,0.8656683,635.0,484.0,0.9227462,224.0,479.0,0.88360876,559.0,595.0,0.74511266,294.0,596.0,0.77042496,493.0,688.0,0.8632016,364.0,691.0,0.8708378,480.0,944.0,0.9243754,381.0,942.0,0.9317949,475.0,1159.0,0.76536703,387.0,1162.0,0.89724976,0,hip
"hip/tf.Tensor(
[[[214 183 152]
  [214 183 152]
  [214 183 152]
  ...
  [213 182 153]
  [214 183 154]
  [215 184 155]]

 [[214 183 152]
  [214 183 152]
  [214 183 152]
  ...
  [213 182 153]
  [213 182 153]
  [213 182 153]]

 [[214 183 152]
  [214 183 152]
  [214 183 152]
  ...
  [214 183 154]
  [214 183 154]
  [214 183 154]]

 ...

 [[212 180 139]
  [213 181 140]
  [214 182 141]
  ...
  [208 182 155]
  [218 191 162]
  [211 184 155]]

 [[212 180 139]
  [214 182 141]
  [215 183 142]
  ...
  [216 185 156]
  [216 185 156]
  [216 185 156]]

 [[212 180 139]
  [214 182 141]
  [215 183 142]
  ...
  [218 185 154]
  [218 185 154]
  [218 185 154]]], shape=(866, 500, 3), dtype=uint8)",249.0,94.0,0.49447307,266.0,79.0,0.6866534,232.0,79.0,0.7347937,289.0,87.0,0.6931107,209.0,90.0,0.5863929,317.0,153.0,0.7642417,184.0,157.0,0.7846676,281.0,254.0,0.31712538,123.0,252.0,0.76880234,233.0,286.0,0.27635726,154.0,319.0,0.4782035,280.0,371.0,0.5781102,193.0,367.0,0.70626926,297.0,530.0,0.4036641,165.0,503.0,0.2410061,315.0,601.0,0.109941445,171.0,755.0,0.43554863,0,hip
"hip/tf.Tensor(
[[[255 255 255]
  [255 255 255]
  [255 255 255]
  ...
  [255 255 255]
  [255 255 255]
  [255 255 255]]

 [[255 255 255]
  [255 255 255]
  [255 255 255]
  ...
  [255 255 255]
  [255 255 255]
  [255 255 255]]

 [[255 255 255]
  [255 255 255]
  [255 255 255]
  ...
  [255 255 255]
  [255 255 255]
  [255 255 255]]

 ...

 [[255 255 255]
  [255 255 255]
  [255 255 255]
  ...
  [255 255 255]
  [255 255 255]
  [255 255 255]]

 [[255 255 255]
  [255 255 255]
  [255 255 255]
  ...
  [255 255 255]
  [255 255 255]
  [255 255 255]]

 [[255 255 255]
  [255 255 255]
  [255 255 255]
  ...
  [255 255 255]
  [255 255 255]
  [255 255 255]]], shape=(280, 314, 3), dtype=uint8)",223.0,32.0,0.12709512,219.0,27.0,0.14659396,228.0,27.0,0.18362883,212.0,32.0,0.53010774,232.0,31.0,0.5656854,202.0,56.0,0.42221612,244.0,56.0,0.3504547,179.0,86.0,0.5096226,271.0,85.0,0.7406638,197.0,105.0,0.4334791,252.0,104.0,0.5278661,208.0,126.0,0.61231697,236.0,127.0,0.67268324,206.0,174.0,0.6378655,238.0,176.0,0.7013912,202.0,225.0,0.5022765,241.0,227.0,0.38765445,0,hip
"hip/tf.Tensor(
[[[254 254 254]
  [254 254 254]
  [254 254 254]
  ...
  [254 254 254]
  [254 254 254]
  [254 254 254]]

 [[254 254 254]
  [254 254 254]
  [254 254 254]
  ...
  [254 254 254]
  [254 254 254]
  [254 254 254]]

 [[254 254 254]
  [254 254 254]
  [254 254 254]
  ...
  [254 254 254]
  [254 254 254]
  [254 254 254]]

 ...

 [[254 254 254]
  [254 254 254]
  [254 254 254]
  ...
  [255 255 255]
  [255 255 255]
  [253 253 253]]

 [[254 254 254]
  [254 254 254]
  [254 254 254]
  ...
  [254 254 254]
  [254 254 254]
  [254 254 254]]

 [[254 254 254]
  [254 254 254]
  [254 254 254]
  ...
  [254 254 254]
  [254 254 254]
  [254 254 254]]], shape=(450, 300, 3), dtype=uint8)",149.0,48.0,0.51856613,157.0,40.0,0.7571444,141.0,41.0,0.7153748,168.0,45.0,0.85982966,133.0,47.0,0.8410801,194.0,81.0,0.92861676,122.0,94.0,0.844324,214.0,147.0,0.8983477,82.0,148.0,0.9304074,215.0,196.0,0.7038424,113.0,175.0,0.69373107,192.0,205.0,0.90641934,148.0,205.0,0.81390876,179.0,304.0,0.9380667,150.0,305.0,0.85349977,156.0,394.0,0.5028502,159.0,381.0,0.7888779,0,hip
"hip/tf.Tensor(
[[[252 181 199]
  [252 181 199]
  [252 181 199]
  ...
  [252 183 201]
  [252 183 201]
  [252 183 201]]

 [[252 181 199]
  [252 181 199]
  [252 181 199]
  ...
  [252 183 201]
  [252 183 201]
  [252 183 201]]

 [[252 181 199]
  [252 181 199]
  [252 181 199]
  ...
  [252 183 201]
  [252 183 201]
  [252 183 201]]

 ...

 [[247 172 192]
  [247 172 192]
  [247 172 192]
  ...
  [251 176 196]
  [251 176 196]
  [251 176 196]]

 [[247 172 192]
  [247 172 192]
  [247 172 192]
  ...
  [251 176 196]
  [251 176 196]
  [251 176 196]]

 [[247 172 192]
  [247 172 192]
  [247 172 192]
  ...
  [251 176 196]
  [251 176 196]
  [251 176 196]]], shape=(1280, 1920, 3), dtype=uint8)",1011.0,172.0,0.7435447,1033.0,149.0,0.75765204,986.0,148.0,0.6295364,1067.0,165.0,0.7342886,957.0,168.0,0.5375433,1125.0,279.0,0.81626624,905.0,283.0,0.7402098,1244.0,437.0,0.8450989,810.0,419.0,0.61137366,1163.0,543.0,0.6648823,849.0,527.0,0.62486076,1067.0,633.0,0.8259127,931.0,630.0,0.7915128,1041.0,903.0,0.7723514,876.0,874.0,0.79383534,1018.0,1117.0,0.71620566,871.0,1127.0,0.80244166,0,hip
"hip/tf.Tensor(
[[[224 227 234]
  [224 227 234]
  [224 227 234]
  ...
  [243 247 248]
  [243 247 248]
  [241 245 246]]

 [[224 227 234]
  [224 227 234]
  [224 227 234]
  ...
  [243 247 248]
  [243 247 248]
  [241 245 246]]

 [[224 227 234]
  [224 227 234]
  [224 227 234]
  ...
  [242 246 247]
  [242 246 247]
  [241 245 246]]

 ...

 [[214 217 224]
  [214 217 224]
  [214 217 224]
  ...
  [222 225 232]
  [222 225 232]
  [221 224 231]]

 [[214 217 224]
  [214 217 224]
  [214 217 224]
  ...
  [221 224 231]
  [221 224 231]
  [221 224 231]]

 [[214 217 224]
  [214 217 224]
  [214 217 224]
  ...
  [221 224 231]
  [221 224 231]
  [221 224 231]]], shape=(650, 433, 3), dtype=uint8)",232.0,71.0,0.8005738,242.0,64.0,0.88553035,219.0,66.0,0.8895258,257.0,78.0,0.75380564,207.0,83.0,0.7896188,282.0,148.0,0.74425346,183.0,141.0,0.8731139,335.0,224.0,0.8996544,115.0,206.0,0.87848234,286.0,261.0,0.8002833,167.0,253.0,0.74082863,252.0,307.0,0.7966664,194.0,307.0,0.8312512,225.0,445.0,0.86041176,201.0,450.0,0.82909846,234.0,567.0,0.76487815,221.0,578.0,0.51921976,0,hip
"hip/tf.Tensor(
[[[178 181 186]
  [178 181 186]
  [179 182 187]
  ...
  [158 161 166]
  [158 161 166]
  [158 161 166]]

 [[178 181 186]
  [178 181 186]
  [179 182 187]
  ...
  [158 161 166]
  [158 161 166]
  [158 161 166]]

 [[178 181 186]
  [179 182 187]
  [179 182 187]
  ...
  [158 161 166]
  [158 161 166]
  [158 161 166]]

 ...

 [[178 178 180]
  [178 178 180]
  [178 178 180]
  ...
  [193 198 202]
  [193 198 202]
  [193 198 202]]

 [[178 178 180]
  [178 178 180]
  [178 178 180]
  ...
  [193 198 202]
  [193 198 202]
  [193 198 202]]

 [[178 178 180]
  [178 178 180]
  [178 178 180]
  ...
  [193 198 202]
  [193 198 202]
  [193 198 202]]], shape=(1000, 667, 3), dtype=uint8)",377.0,181.0,0.7740307,392.0,163.0,0.57355726,359.0,165.0,0.8828802,415.0,168.0,0.83973426,339.0,170.0,0.74327755,468.0,258.0,0.93689364,279.0,264.0,0.90736705,529.0,375.0,0.8900854,214.0,370.0,0.9143904,484.0,484.0,0.789401,261.0,470.0,0.90425223,420.0,536.0,0.8497803,322.0,536.0,0.90131706,454.0,718.0,0.59962416,287.0,715.0,0.81295955,467.0,881.0,0.91028166,256.0,873.0,0.90648234,0,hip
"hip/tf.Tensor(
[[[255 255 255]
  [255 255 255]
  [255 255 255]
  ...
  [255 255 255]
  [255 255 255]
  [255 255 255]]

 [[255 255 255]
  [255 255 255]
  [255 255 255]
  ...
  [255 255 255]
  [255 255 255]
  [255 255 255]]

 [[255 255 255]
  [255 255 255]
  [255 255 255]
  ...
  [255 255 255]
  [255 255 255]
  [255 255 255]]

 ...

 [[255 255 255]
  [255 255 255]
  [255 255 255]
  ...
  [255 255 255]
  [255 255 255]
  [255 255 255]]

 [[255 255 255]
  [255 255 255]
  [255 255 255]
  ...
  [255 255 255]
  [255 255 255]
  [255 255 255]]

 [[255 255 255]
  [255 255 255]
  [255 255 255]
  ...
  [255 255 255]
  [255 255 255]
  [255 255 255]]], shape=(300, 400, 3), dtype=uint8)",208.0,43.0,0.6565442,214.0,36.0,0.5692887,202.0,36.0,0.6085994,222.0,39.0,0.78414184,192.0,40.0,0.6682861,237.0,72.0,0.63910437,179.0,73.0,0.76695275,270.0,101.0,0.7993954,141.0,101.0,0.78248507,240.0,128.0,0.6721289,174.0,125.0,0.46462506,223.0,151.0,0.8017908,190.0,150.0,0.77207637,219.0,215.0,0.61540973,187.0,211.0,0.59909457,213.0,261.0,0.67456514,190.0,260.0,0.63235384,0,hip
"hip/tf.Tensor(
[[[254 254 254]
  [254 254 254]
  [254 254 254]
  ...
  [254 254 254]
  [254 254 254]
  [254 254 254]]

 [[254 254 254]
  [254 254 254]
  [254 254 254]
  ...
  [254 254 254]
  [254 254 254]
  [254 254 254]]

 [[254 254 254]
  [254 254 254]
  [254 254 254]
  ...
  [254 254 254]
  [254 254 254]
  [254 254 254]]

 ...

 [[254 254 254]
  [254 254 254]
  [254 254 254]
  ...
  [254 254 254]
  [254 254 254]
  [254 254 254]]

 [[254 254 254]
  [254 254 254]
  [254 254 254]
  ...
  [254 254 254]
  [254 254 254]
  [254 254 254]]

 [[254 254 254]
  [254 254 254]
  [254 254 254]
  ...
  [254 254 254]
  [254 254 254]
  [254 254 254]]], shape=(1300, 981, 3), dtype=uint8)",534.0,166.0,0.73603845,556.0,146.0,0.8478082,514.0,141.0,0.62416196,581.0,158.0,0.73528045,482.0,153.0,0.90453607,633.0,285.0,0.868799,399.0,265.0,0.9227455,712.0,432.0,0.8820346,292.0,398.0,0.91461706,659.0,537.0,0.7836601,339.0,531.0,0.8297409,558.0,600.0,0.9216345,426.0,595.0,0.83178216,544.0,890.0,0.61313623,364.0,889.0,0.7429836,502.0,1122.0,0.74669313,352.0,1138.0,0.875076,0,hip
"hip/tf.Tensor(
[[[255 255 255]
  [255 255 255]
  [255 255 255]
  ...
  [255 255 255]
  [255 255 255]
  [255 255 255]]

 [[255 255 255]
  [255 255 255]
  [255 255 255]
  ...
  [255 255 255]
  [255 255 255]
  [255 255 255]]

 [[255 255 255]
  [255 255 255]
  [255 255 255]
  ...
  [255 255 255]
  [255 255 255]
  [255 255 255]]

 ...

 [[255 255 255]
  [255 255 255]
  [255 255 255]
  ...
  [255 255 255]
  [255 255 255]
  [255 255 255]]

 [[255 255 255]
  [255 255 255]
  [255 255 255]
  ...
  [255 255 255]
  [255 255 255]
  [255 255 255]]

 [[255 255 255]
  [255 255 255]
  [255 255 255]
  ...
  [255 255 255]
  [255 255 255]
  [255 255 255]]], shape=(194, 259, 3), dtype=uint8)",135.0,27.0,0.7681498,139.0,23.0,0.71770066,131.0,23.0,0.7594697,144.0,25.0,0.8529675,125.0,25.0,0.6644106,154.0,44.0,0.8364359,115.0,46.0,0.9180808,176.0,64.0,0.9159827,90.0,65.0,0.87149405,155.0,82.0,0.77195287,113.0,80.0,0.624061,145.0,98.0,0.8886642,122.0,98.0,0.9018051,141.0,141.0,0.69925356,120.0,137.0,0.7685791,137.0,169.0,0.68363374,122.0,167.0,0.7357222,0,hip
"hip/tf.Tensor(
[[[ 16  13   4]
  [ 16  13   4]
  [ 16  13   4]
  ...
  [ 10  10   0]
  [  9   9   0]
  [  8   8   0]]

 [[ 14  11   2]
  [ 14  11   2]
  [ 14  11   2]
  ...
  [  9   9   0]
  [  8   8   0]
  [  8   8   0]]

 [[ 12   9   0]
  [ 12   9   0]
  [ 12   9   0]
  ...
  [  8   8   0]
  [  7   7   0]
  [  7   7   0]]

 ...

 [[207 179 167]
  [206 180 167]
  [206 178 166]
  ...
  [115  85  61]
  [113  85  61]
  [114  84  60]]

 [[207 179 167]
  [207 179 167]
  [206 178 166]
  ...
  [115  85  61]
  [115  85  61]
  [114  84  60]]

 [[207 179 167]
  [207 179 167]
  [206 178 166]
  ...
  [115  85  61]
  [115  85  61]
  [114  84  60]]], shape=(275, 183, 3), dtype=uint8)",115.0,59.0,0.6152767,120.0,53.0,0.5372783,112.0,54.0,0.49591798,129.0,55.0,0.5981781,107.0,56.0,0.41507098,142.0,79.0,0.7868897,106.0,83.0,0.54964393,165.0,105.0,0.7059865,98.0,114.0,0.37282237,147.0,130.0,0.5593002,94.0,132.0,0.26710454,131.0,145.0,0.7227807,105.0,144.0,0.50502855,140.0,194.0,0.7180272,107.0,196.0,0.69472915,149.0,238.0,0.7180493,109.0,246.0,0.6268209,0,hip
"hip/tf.Tensor(
[[[254 254 254]
  [254 254 254]
  [254 254 254]
  ...
  [255 255 255]
  [255 255 255]
  [255 255 255]]

 [[254 254 254]
  [254 254 254]
  [254 254 254]
  ...
  [255 255 255]
  [255 255 255]
  [255 255 255]]

 [[254 254 254]
  [254 254 254]
  [254 254 254]
  ...
  [255 255 255]
  [255 255 255]
  [255 255 255]]

 ...

 [[255 255 255]
  [255 255 255]
  [255 255 255]
  ...
  [255 255 255]
  [255 255 255]
  [255 255 255]]

 [[255 255 255]
  [255 255 255]
  [255 255 255]
  ...
  [255 255 255]
  [255 255 255]
  [255 255 255]]

 [[255 255 255]
  [255 255 255]
  [255 255 255]
  ...
  [255 255 255]
  [255 255 255]
  [255 255 255]]], shape=(165, 306, 3), dtype=uint8)",121.0,53.0,0.69312334,125.0,45.0,0.7730783,114.0,43.0,0.58353555,121.0,41.0,0.5845257,95.0,34.0,0.62203217,133.0,59.0,0.90395623,55.0,53.0,0.7409728,118.0,108.0,0.57104254,26.0,99.0,0.6300416,106.0,144.0,0.15807794,36.0,152.0,0.5696383,107.0,158.0,0.69608885,60.0,162.0,0.57416904,124.0,116.0,0.25462455,28.0,102.0,0.25332117,104.0,156.0,0.2108917,97.0,158.0,0.14608212,0,hip
"hip/tf.Tensor(
[[[221 224 229]
  [221 224 229]
  [222 225 230]
  ...
  [101 100 108]
  [118 112 122]
  [130 125 132]]

 [[221 224 229]
  [221 224 229]
  [222 225 230]
  ...
  [101 100 108]
  [117 111 121]
  [130 125 132]]

 [[221 224 229]
  [221 224 229]
  [222 225 230]
  ...
  [100  99 107]
  [117 111 121]
  [130 125 132]]

 ...

 [[133 132 128]
  [166 165 161]
  [204 203 199]
  ...
  [ 72  79  85]
  [ 72  79  87]
  [ 74  81  87]]

 [[118 117 113]
  [138 137 133]
  [151 150 146]
  ...
  [ 69  78  85]
  [ 70  79  88]
  [ 71  80  87]]

 [[109 108 104]
  [ 89  88  84]
  [ 75  74  70]
  ...
  [ 68  78  87]
  [ 69  79  88]
  [ 70  80  89]]], shape=(266, 190, 3), dtype=uint8)",109.0,41.0,0.82964814,111.0,35.0,0.8716935,101.0,34.0,0.9209392,105.0,37.0,0.70325047,81.0,39.0,0.94219923,133.0,78.0,0.9444064,55.0,84.0,0.8092543,165.0,124.0,0.9368866,23.0,130.0,0.8712492,149.0,160.0,0.8515027,50.0,170.0,0.7485421,121.0,193.0,0.8911924,78.0,196.0,0.90887827,137.0,263.0,0.71936023,79.0,262.0,0.64480925,121.0,244.0,0.17256847,93.0,243.0,0.24381961,0,hip
"hip/tf.Tensor(
[[[217 213 186]
  [213 209 182]
  [207 203 176]
  ...
  [109 105  78]
  [ 98  94  67]
  [ 79  75  48]]

 [[217 213 186]
  [212 208 181]
  [207 203 176]
  ...
  [120 116  89]
  [107 103  76]
  [ 88  84  57]]

 [[217 213 186]
  [212 208 181]
  [207 203 176]
  ...
  [134 130 103]
  [120 116  89]
  [ 98  94  67]]

 ...

 [[ 75  72  55]
  [ 58  55  38]
  [ 66  63  46]
  ...
  [255 255 239]
  [254 255 238]
  [254 255 238]]

 [[ 74  71  54]
  [ 56  55  37]
  [ 66  63  46]
  ...
  [243 246 227]
  [243 246 229]
  [243 246 229]]

 [[ 78  76  61]
  [ 54  55  39]
  [ 61  59  44]
  ...
  [251 252 234]
  [251 252 234]
  [251 252 234]]], shape=(225, 224, 3), dtype=uint8)",125.0,23.0,0.53123355,134.0,13.0,0.757222,116.0,14.0,0.80233294,150.0,18.0,0.86108,106.0,18.0,0.8198836,166.0,60.0,0.85877717,84.0,56.0,0.9568481,199.0,89.0,0.8683313,48.0,114.0,0.8884234,172.0,122.0,0.8963567,34.0,190.0,0.692415,158.0,177.0,0.7610327,108.0,179.0,0.85009474,169.0,218.0,0.16118121,43.0,218.0,0.5294666,153.0,219.0,0.16178742,120.0,213.0,0.33352682,0,hip
"hip/tf.Tensor(
[[[255 255 255]
  [255 255 255]
  [255 255 255]
  ...
  [255 255 255]
  [255 255 255]
  [255 255 255]]

 [[255 255 255]
  [255 255 255]
  [255 255 255]
  ...
  [255 255 255]
  [255 255 255]
  [255 255 255]]

 [[255 255 255]
  [255 255 255]
  [255 255 255]
  ...
  [255 255 255]
  [255 255 255]
  [255 255 255]]

 ...

 [[255 255 255]
  [255 255 255]
  [255 255 255]
  ...
  [255 255 255]
  [255 255 255]
  [255 255 255]]

 [[255 255 255]
  [255 255 255]
  [255 255 255]
  ...
  [255 255 255]
  [255 255 255]
  [255 255 255]]

 [[255 255 255]
  [255 255 255]
  [255 255 255]
  ...
  [255 255 255]
  [255 255 255]
  [255 255 255]]], shape=(100, 100, 3), dtype=uint8)",50.0,10.0,0.5440646,51.0,8.0,0.7574745,48.0,8.0,0.7630156,54.0,10.0,0.8586778,46.0,10.0,0.82901055,59.0,20.0,0.92886144,40.0,20.0,0.91245997,68.0,32.0,0.9248222,31.0,31.0,0.8883714,61.0,44.0,0.83555216,37.0,42.0,0.8218156,54.0,49.0,0.92323226,43.0,48.0,0.8957764,54.0,71.0,0.81635696,41.0,70.0,0.9062169,54.0,90.0,0.7393683,39.0,89.0,0.9129781,0,hip
"hip/tf.Tensor(
[[[228 229 223]
  [228 229 223]
  [229 230 224]
  ...
  [236 236 236]
  [236 236 236]
  [236 236 236]]

 [[228 229 223]
  [228 229 223]
  [229 230 224]
  ...
  [236 236 236]
  [236 236 236]
  [236 236 236]]

 [[228 229 223]
  [229 230 224]
  [229 230 224]
  ...
  [236 236 236]
  [236 236 236]
  [236 236 236]]

 ...

 [[214 215 210]
  [215 216 211]
  [215 216 211]
  ...
  [226 226 226]
  [226 226 226]
  [226 226 226]]

 [[214 215 210]
  [215 216 211]
  [215 216 211]
  ...
  [226 226 226]
  [226 226 226]
  [226 226 226]]

 [[214 215 210]
  [215 216 211]
  [215 216 211]
  ...
  [226 226 226]
  [226 226 226]
  [226 226 226]]], shape=(100, 100, 3), dtype=uint8)",49.0,1.0,0.56020904,51.0,0.0,0.47806764,47.0,0.0,0.55722755,54.0,0.0,0.5841781,44.0,0.0,0.5898372,60.0,9.0,0.85996,37.0,10.0,0.88211477,73.0,20.0,0.797765,27.0,22.0,0.9491325,63.0,34.0,0.782055,34.0,34.0,0.9011779,58.0,44.0,0.918584,44.0,44.0,0.9362731,56.0,71.0,0.879189,45.0,69.0,0.7354548,54.0,91.0,0.58433604,46.0,85.0,0.62632716,0,hip
"hip/tf.Tensor(
[[[255 255 255]
  [255 255 255]
  [255 255 255]
  ...
  [255 255 255]
  [255 255 255]
  [255 255 255]]

 [[255 255 255]
  [255 255 255]
  [255 255 255]
  ...
  [255 255 255]
  [255 255 255]
  [255 255 255]]

 [[255 255 255]
  [255 255 255]
  [255 255 255]
  ...
  [255 255 255]
  [255 255 255]
  [255 255 255]]

 ...

 [[255 255 255]
  [255 255 255]
  [255 255 255]
  ...
  [255 255 255]
  [255 255 255]
  [254 254 254]]

 [[255 255 255]
  [255 255 255]
  [255 255 255]
  ...
  [255 255 255]
  [255 255 255]
  [254 254 254]]

 [[255 255 255]
  [255 255 255]
  [255 255 255]
  ...
  [255 255 255]
  [255 255 255]
  [255 255 255]]], shape=(225, 225, 3), dtype=uint8)",111.0,24.0,0.76469105,115.0,20.0,0.6458986,107.0,20.0,0.79835415,122.0,22.0,0.8610879,103.0,23.0,0.90610254,134.0,45.0,0.92707723,91.0,44.0,0.84615016,155.0,74.0,0.9469136,70.0,71.0,0.9302663,140.0,98.0,0.7977283,82.0,94.0,0.93168616,122.0,111.0,0.91892976,97.0,110.0,0.9001472,121.0,161.0,0.7640966,91.0,160.0,0.90135556,121.0,203.0,0.8498899,88.0,202.0,0.8415916,0,hip
"hip/tf.Tensor(
[[[ 64  65  49]
  [ 64  65  49]
  [ 64  65  49]
  ...
  [ 31  23  12]
  [ 44  38  24]
  [ 40  34  20]]

 [[ 64  65  49]
  [ 64  65  49]
  [ 64  65  49]
  ...
  [ 26  18   7]
  [ 42  36  22]
  [ 43  37  23]]

 [[ 65  66  50]
  [ 65  66  50]
  [ 64  65  49]
  ...
  [ 25  17   6]
  [ 38  32  18]
  [ 45  39  25]]

 ...

 [[114 119  97]
  [109 117  93]
  [108 113  91]
  ...
  [ 15  25  27]
  [ 11  21  23]
  [ 14  22  24]]

 [[ 77  82  59]
  [ 79  84  61]
  [ 84  89  66]
  ...
  [ 16  24  26]
  [ 12  20  22]
  [ 31  35  38]]

 [[115 119  96]
  [120 124 101]
  [122 126 103]
  ...
  [ 28  28  30]
  [ 33  33  35]
  [ 34  34  36]]], shape=(225, 225, 3), dtype=uint8)",126.0,44.0,0.5578661,126.0,39.0,0.4920075,122.0,39.0,0.6684098,119.0,42.0,0.50805885,108.0,40.0,0.66480315,133.0,72.0,0.8803189,92.0,70.0,0.90972567,155.0,95.0,0.91682214,65.0,97.0,0.7422294,132.0,109.0,0.75284874,88.0,110.0,0.8179746,124.0,142.0,0.89514935,97.0,140.0,0.91235554,119.0,193.0,0.35630417,79.0,189.0,0.2789414,112.0,215.0,0.13269912,69.0,209.0,0.1540686,0,hip
"hip/tf.Tensor(
[[[211 212 206]
  [211 212 206]
  [211 212 206]
  ...
  [217 217 217]
  [216 216 216]
  [216 216 216]]

 [[211 212 206]
  [211 212 206]
  [211 212 206]
  ...
  [217 217 217]
  [216 216 216]
  [216 216 216]]

 [[211 212 206]
  [211 212 206]
  [211 212 206]
  ...
  [217 217 217]
  [216 216 216]
  [216 216 216]]

 ...

 [[  0   0   0]
  [  0   0   0]
  [  0   0   0]
  ...
  [  0   0   0]
  [  0   0   0]
  [  0   0   0]]

 [[  0   0   0]
  [  0   0   0]
  [  0   0   0]
  ...
  [  0   0   0]
  [  0   0   0]
  [  0   0   0]]

 [[  0   0   0]
  [  0   0   0]
  [  0   0   0]
  ...
  [  0   0   0]
  [  0   0   0]
  [  0   0   0]]], shape=(285, 177, 3), dtype=uint8)",86.0,49.0,0.73935735,90.0,45.0,0.8172103,82.0,45.0,0.7131462,96.0,49.0,0.61809087,77.0,48.0,0.61344445,106.0,70.0,0.82574415,67.0,70.0,0.84696233,130.0,92.0,0.6793231,47.0,93.0,0.72397876,112.0,112.0,0.84004986,61.0,115.0,0.6115279,102.0,138.0,0.90222746,77.0,139.0,0.89725065,99.0,179.0,0.6119779,79.0,172.0,0.76265234,97.0,218.0,0.6701251,84.0,207.0,0.82381964,0,hip
"hip/tf.Tensor(
[[[255 254 244]
  [204 197 187]
  [237 228 219]
  ...
  [234 240 240]
  [237 243 243]
  [241 245 248]]

 [[213 206 196]
  [ 81  74  64]
  [ 71  62  53]
  ...
  [174 180 180]
  [181 187 187]
  [166 170 173]]

 [[217 208 199]
  [ 49  40  31]
  [ 53  43  34]
  ...
  [169 175 175]
  [172 178 178]
  [171 175 178]]

 ...

 [[222 226 235]
  [ 45  49  58]
  [ 52  56  65]
  ...
  [ 34  33  38]
  [ 33  34  38]
  [ 24  25  27]]

 [[189 194 200]
  [ 38  43  49]
  [ 42  47  53]
  ...
  [  0   0   4]
  [  0   0   4]
  [  0   0   2]]

 [[251 255 255]
  [172 177 183]
  [183 188 194]
  ...
  [182 181 186]
  [181 182 186]
  [183 184 186]]], shape=(262, 193, 3), dtype=uint8)",100.0,49.0,0.7016962,108.0,42.0,0.8385066,92.0,39.0,0.6025671,113.0,47.0,0.84098184,78.0,44.0,0.8399873,128.0,80.0,0.81367874,57.0,84.0,0.8867042,179.0,121.0,0.80012757,10.0,134.0,0.92097205,140.0,157.0,0.83190864,54.0,166.0,0.8246553,120.0,184.0,0.91591305,76.0,185.0,0.8473226,111.0,258.0,0.61623704,72.0,258.0,0.26007032,112.0,245.0,0.16687903,91.0,241.0,0.1210791,0,hip
"hip/tf.Tensor(
[[[103 174 253]
  [103 174 253]
  [103 174 253]
  ...
  [103 174 253]
  [103 174 253]
  [103 174 253]]

 [[103 174 253]
  [103 174 253]
  [103 174 253]
  ...
  [103 174 253]
  [103 174 253]
  [103 174 253]]

 [[103 174 253]
  [103 174 253]
  [ 97 171 253]
  ...
  [103 174 253]
  [103 174 253]
  [103 174 253]]

 ...

 [[247 221 173]
  [247 221 173]
  [247 221 173]
  ...
  [247 221 173]
  [247 221 173]
  [247 221 173]]

 [[247 221 173]
  [247 221 173]
  [247 221 173]
  ...
  [247 221 173]
  [247 221 173]
  [247 221 173]]

 [[247 221 173]
  [247 221 173]
  [247 221 173]
  ...
  [247 221 173]
  [247 221 173]
  [247 221 173]]], shape=(225, 225, 3), dtype=uint8)",112.0,49.0,0.4457934,118.0,44.0,0.7730677,106.0,44.0,0.7613449,124.0,49.0,0.57645154,98.0,48.0,0.49680623,122.0,72.0,0.79032564,99.0,71.0,0.6574023,133.0,93.0,0.6525677,92.0,98.0,0.53191864,120.0,105.0,0.6837412,93.0,108.0,0.27076513,114.0,119.0,0.649099,101.0,119.0,0.67149913,110.0,157.0,0.6272179,104.0,156.0,0.5337725,109.0,198.0,0.494843,109.0,196.0,0.39522257,0,hip
"hip/tf.Tensor(
[[[255 255 255]
  [255 255 255]
  [255 255 255]
  ...
  [255 255 255]
  [255 255 255]
  [255 255 255]]

 [[255 255 255]
  [255 255 255]
  [255 255 255]
  ...
  [255 255 255]
  [255 255 255]
  [255 255 255]]

 [[255 255 255]
  [255 255 255]
  [255 255 255]
  ...
  [255 255 255]
  [255 255 255]
  [255 255 255]]

 ...

 [[ 10  10  10]
  [248 248 248]
  [239 239 239]
  ...
  [255 255 255]
  [255 255 255]
  [255 255 255]]

 [[  0   0   0]
  [253 253 253]
  [254 254 254]
  ...
  [255 255 255]
  [255 255 255]
  [255 255 255]]

 [[  0   0   0]
  [250 250 250]
  [245 245 245]
  ...
  [255 255 255]
  [255 255 255]
  [255 255 255]]], shape=(280, 163, 3), dtype=uint8)",78.0,40.0,0.7866926,83.0,37.0,0.8931606,76.0,38.0,0.5314292,96.0,40.0,0.89178187,81.0,41.0,0.7363874,109.0,66.0,0.8802793,73.0,71.0,0.83759296,136.0,96.0,0.86646104,69.0,100.0,0.8741941,113.0,113.0,0.87547493,77.0,71.0,0.660889,102.0,133.0,0.8033584,80.0,135.0,0.90631676,101.0,182.0,0.91830814,58.0,179.0,0.880292,97.0,231.0,0.7760685,60.0,229.0,0.8112192,0,hip
"hip/tf.Tensor(
[[[255 255 255]
  [255 255 255]
  [255 255 255]
  ...
  [255 255 255]
  [255 255 255]
  [255 255 255]]

 [[255 255 255]
  [255 255 255]
  [255 255 255]
  ...
  [255 255 255]
  [255 255 255]
  [255 255 255]]

 [[255 255 255]
  [255 255 255]
  [255 255 255]
  ...
  [255 255 255]
  [255 255 255]
  [255 255 255]]

 ...

 [[255 255 255]
  [255 255 255]
  [255 255 255]
  ...
  [255 255 255]
  [255 255 255]
  [255 255 255]]

 [[255 255 255]
  [255 255 255]
  [255 255 255]
  ...
  [255 255 255]
  [255 255 255]
  [255 255 255]]

 [[255 255 255]
  [255 255 255]
  [255 255 255]
  ...
  [255 255 255]
  [255 255 255]
  [255 255 255]]], shape=(294, 171, 3), dtype=uint8)",89.0,39.0,0.77837217,96.0,31.0,0.82517684,82.0,31.0,0.8286045,104.0,35.0,0.80170405,71.0,35.0,0.69535434,130.0,72.0,0.93972623,45.0,71.0,0.9498849,151.0,119.0,0.7837656,23.0,126.0,0.79960734,131.0,152.0,0.6974902,40.0,163.0,0.8451617,108.0,177.0,0.75147545,60.0,177.0,0.729779,102.0,257.0,0.58607364,60.0,261.0,0.6070683,101.0,289.0,0.3969475,61.0,290.0,0.23444547,0,hip
"hip/tf.Tensor(
[[[255 255 255]
  [255 255 255]
  [255 255 255]
  ...
  [255 255 255]
  [255 255 255]
  [255 255 255]]

 [[255 255 255]
  [255 255 255]
  [255 255 255]
  ...
  [255 255 255]
  [255 255 255]
  [255 255 255]]

 [[255 255 255]
  [255 255 255]
  [255 255 255]
  ...
  [255 255 255]
  [255 255 255]
  [255 255 255]]

 ...

 [[255 255 255]
  [255 255 255]
  [255 255 255]
  ...
  [255 255 255]
  [255 255 255]
  [255 255 255]]

 [[255 255 255]
  [255 255 255]
  [255 255 255]
  ...
  [255 255 255]
  [255 255 255]
  [255 255 255]]

 [[255 255 255]
  [255 255 255]
  [255 255 255]
  ...
  [255 255 255]
  [255 255 255]
  [255 255 255]]], shape=(626, 365, 3), dtype=uint8)",154.0,89.0,0.592587,165.0,80.0,0.7038109,154.0,79.0,0.7434592,192.0,85.0,0.72724617,171.0,84.0,0.6613717,211.0,131.0,0.7278851,152.0,139.0,0.707953,270.0,189.0,0.89287806,119.0,191.0,0.79503167,226.0,248.0,0.82008404,144.0,244.0,0.6381078,204.0,285.0,0.877006,159.0,286.0,0.8959452,206.0,406.0,0.753596,151.0,397.0,0.8791923,216.0,544.0,0.8623242,160.0,534.0,0.8149655,0,hip
"hip/tf.Tensor(
[[[221 212 215]
  [220 211 214]
  [219 210 213]
  ...
  [219 217 220]
  [219 217 220]
  [219 217 220]]

 [[220 211 214]
  [220 211 214]
  [219 210 213]
  ...
  [218 216 219]
  [218 216 219]
  [218 216 219]]

 [[219 210 213]
  [219 210 213]
  [218 209 212]
  ...
  [218 216 219]
  [218 216 219]
  [218 216 219]]

 ...

 [[  6   1   0]
  [  6   1   0]
  [  6   1   0]
  ...
  [ 63  46  38]
  [ 63  46  38]
  [ 63  46  38]]

 [[  6   1   0]
  [  6   1   0]
  [  6   1   0]
  ...
  [ 63  46  38]
  [ 63  46  38]
  [ 63  46  38]]

 [[  6   1   0]
  [  6   1   0]
  [  6   1   0]
  ...
  [ 63  46  38]
  [ 63  46  38]
  [ 63  46  38]]], shape=(1050, 699, 3), dtype=uint8)",305.0,266.0,0.35805696,305.0,261.0,0.4222743,309.0,261.0,0.44887993,305.0,262.0,0.5338638,327.0,258.0,0.47176597,300.0,280.0,0.51372313,328.0,280.0,0.44503134,297.0,310.0,0.38232738,335.0,309.0,0.36394992,297.0,317.0,0.32880163,339.0,318.0,0.42521447,301.0,320.0,0.32222116,325.0,319.0,0.32849938,306.0,364.0,0.48971182,323.0,362.0,0.45562565,306.0,397.0,0.42871025,326.0,395.0,0.47488782,0,hip
"hip/tf.Tensor(
[[[200 192 190]
  [200 192 190]
  [201 193 191]
  ...
  [233 226 234]
  [233 226 234]
  [233 226 234]]

 [[201 193 191]
  [201 193 191]
  [201 193 191]
  ...
  [233 226 234]
  [233 226 234]
  [233 226 234]]

 [[199 194 191]
  [199 194 191]
  [199 194 191]
  ...
  [233 226 234]
  [233 226 234]
  [233 226 234]]

 ...

 [[ 33  22  26]
  [ 33  22  26]
  [ 33  22  26]
  ...
  [139 116 100]
  [149 123 106]
  [159 133 116]]

 [[ 33  22  26]
  [ 33  22  26]
  [ 33  22  26]
  ...
  [136 113  97]
  [145 119 102]
  [154 127 108]]

 [[ 33  22  26]
  [ 33  22  26]
  [ 33  22  26]
  ...
  [132 109  91]
  [141 114  97]
  [148 121 102]]], shape=(720, 1280, 3), dtype=uint8)",853.0,120.0,0.71147704,883.0,94.0,0.8954003,825.0,90.0,0.9118513,915.0,124.0,0.62932456,786.0,115.0,0.8834202,989.0,278.0,0.74657625,696.0,282.0,0.78408617,1127.0,473.0,0.8708589,550.0,468.0,0.5454087,1051.0,628.0,0.87793946,633.0,630.0,0.8940778,924.0,674.0,0.7637414,744.0,669.0,0.7446195,1176.0,614.0,0.5147675,322.0,689.0,0.2422883,872.0,699.0,0.10623677,766.0,696.0,0.2932006,0,hip
"hip/tf.Tensor(
[[[157 153 152]
  [165 161 160]
  [175 171 170]
  ...
  [195 191 188]
  [195 191 190]
  [195 191 190]]

 [[167 163 160]
  [159 155 152]
  [168 164 161]
  ...
  [195 191 190]
  [195 191 190]
  [195 191 190]]

 [[173 169 166]
  [167 163 160]
  [161 157 154]
  ...
  [195 191 190]
  [195 191 190]
  [195 191 190]]

 ...

 [[237 237 239]
  [237 237 239]
  [237 237 239]
  ...
  [225 225 227]
  [225 225 227]
  [225 225 227]]

 [[238 238 240]
  [238 238 240]
  [238 238 240]
  ...
  [225 224 229]
  [225 224 229]
  [225 224 229]]

 [[238 238 240]
  [239 239 241]
  [239 239 241]
  ...
  [226 224 229]
  [226 224 229]
  [226 224 229]]], shape=(1072, 715, 3), dtype=uint8)",323.0,318.0,0.30836684,328.0,303.0,0.48528826,321.0,305.0,0.3450386,372.0,296.0,0.5619519,360.0,299.0,0.14261799,387.0,379.0,0.657307,394.0,371.0,0.4844016,414.0,481.0,0.27946204,418.0,474.0,0.3459863,339.0,535.0,0.34293318,340.0,524.0,0.19174543,339.0,585.0,0.41733658,356.0,581.0,0.4627001,339.0,755.0,0.5054065,361.0,738.0,0.49784142,377.0,930.0,0.5095644,393.0,888.0,0.35630265,0,hip
"hip/tf.Tensor(
[[[171 196 218]
  [171 196 218]
  [171 196 218]
  ...
  [142 190 213]
  [141 189 212]
  [140 188 211]]

 [[171 196 218]
  [171 196 218]
  [171 196 218]
  ...
  [146 194 217]
  [145 193 216]
  [144 192 215]]

 [[172 197 219]
  [172 197 219]
  [172 197 219]
  ...
  [146 194 217]
  [145 193 216]
  [145 193 216]]

 ...

 [[ 49  50  45]
  [ 44  45  40]
  [ 41  42  37]
  ...
  [ 45  50  46]
  [ 48  52  51]
  [ 47  51  50]]

 [[ 57  58  53]
  [ 53  54  49]
  [ 52  53  48]
  ...
  [ 45  50  46]
  [ 51  55  54]
  [ 52  56  55]]

 [[ 60  61  56]
  [ 58  59  54]
  [ 59  60  55]
  ...
  [ 44  49  45]
  [ 51  55  54]
  [ 51  55  54]]], shape=(607, 910, 3), dtype=uint8)",417.0,91.0,0.3141138,416.0,84.0,0.3759606,427.0,86.0,0.34841275,414.0,86.0,0.51584756,438.0,87.0,0.48642018,412.0,114.0,0.5972564,453.0,124.0,0.40331838,409.0,161.0,0.2498467,470.0,165.0,0.4964295,416.0,200.0,0.2146019,462.0,200.0,0.34018824,422.0,213.0,0.6407476,455.0,215.0,0.33735564,378.0,273.0,0.5981169,439.0,287.0,0.36847037,368.0,348.0,0.5188774,443.0,349.0,0.48881018,0,hip
"hip/tf.Tensor(
[[[255 255 255]
  [255 255 255]
  [255 255 255]
  ...
  [255 255 255]
  [255 255 255]
  [255 255 255]]

 [[255 255 255]
  [255 255 255]
  [255 255 255]
  ...
  [255 255 255]
  [255 255 255]
  [255 255 255]]

 [[255 255 255]
  [255 255 255]
  [255 255 255]
  ...
  [255 255 255]
  [255 255 255]
  [255 255 255]]

 ...

 [[  0   0   0]
  [  0   0   0]
  [  0   0   0]
  ...
  [  0   0   0]
  [  0   0   0]
  [  0   0   0]]

 [[  0   0   0]
  [  0   0   0]
  [  0   0   0]
  ...
  [  0   0   0]
  [  0   0   0]
  [  0   0   0]]

 [[  0   0   0]
  [  0   0   0]
  [  0   0   0]
  ...
  [  0   0   0]
  [  0   0   0]
  [  0   0   0]]], shape=(1390, 866, 3), dtype=uint8)",419.0,213.0,0.6656828,442.0,199.0,0.7167847,403.0,200.0,0.77882886,485.0,228.0,0.89372104,391.0,229.0,0.71926844,541.0,332.0,0.896321,339.0,336.0,0.92197984,680.0,454.0,0.80159104,213.0,444.0,0.5541892,563.0,544.0,0.78140044,314.0,549.0,0.49857596,486.0,680.0,0.8656322,360.0,679.0,0.8342577,497.0,934.0,0.84174156,358.0,920.0,0.88065624,490.0,1158.0,0.67364794,351.0,1149.0,0.8648221,0,hip
"hip/tf.Tensor(
[[[ 16  10   0]
  [ 17  11   0]
  [ 18  12   0]
  ...
  [ 17  11   0]
  [ 16  10   0]
  [ 16  10   0]]

 [[ 13   9   0]
  [ 12  10   0]
  [ 12  10   0]
  ...
  [ 18  11   1]
  [ 18  11   1]
  [ 17  10   0]]

 [[  7   7   0]
  [  6   8   0]
  [  6   8   0]
  ...
  [ 12   9   0]
  [ 12   9   0]
  [ 12   9   0]]

 ...

 [[203 180 164]
  [204 181 165]
  [205 182 166]
  ...
  [118  87  66]
  [117  86  65]
  [115  84  63]]

 [[210 187 171]
  [211 188 172]
  [211 188 172]
  ...
  [114  83  62]
  [114  83  62]
  [112  81  60]]

 [[208 182 167]
  [208 182 167]
  [207 181 166]
  ...
  [113  83  59]
  [112  82  58]
  [110  80  56]]], shape=(750, 500, 3), dtype=uint8)",315.0,159.0,0.68594885,328.0,145.0,0.60677886,307.0,147.0,0.60542303,354.0,148.0,0.61904424,293.0,151.0,0.31159076,388.0,222.0,0.62576044,290.0,226.0,0.60516226,446.0,288.0,0.57050335,265.0,304.0,0.33586827,399.0,355.0,0.39620563,257.0,364.0,0.3212286,361.0,393.0,0.60949075,296.0,393.0,0.62428045,382.0,527.0,0.5958363,296.0,532.0,0.65140927,406.0,649.0,0.51157,295.0,653.0,0.6640484,0,hip
"hip/tf.Tensor(
[[[255 255 255]
  [255 255 255]
  [255 255 255]
  ...
  [255 255 255]
  [255 255 255]
  [255 255 255]]

 [[255 255 255]
  [255 255 255]
  [255 255 255]
  ...
  [255 255 255]
  [255 255 255]
  [255 255 255]]

 [[255 255 255]
  [255 255 255]
  [255 255 255]
  ...
  [255 255 255]
  [255 255 255]
  [255 255 255]]

 ...

 [[  0   0   0]
  [  0   0   0]
  [  0   0   0]
  ...
  [  0   0   0]
  [  0   0   0]
  [  0   0   0]]

 [[  0   0   0]
  [  0   0   0]
  [  0   0   0]
  ...
  [  0   0   0]
  [  0   0   0]
  [  0   0   0]]

 [[  0   0   0]
  [  0   0   0]
  [  0   0   0]
  ...
  [  0   0   0]
  [  0   0   0]
  [  0   0   0]]], shape=(1390, 988, 3), dtype=uint8)",753.0,129.0,0.5497627,769.0,103.0,0.6938437,730.0,102.0,0.5386943,786.0,110.0,0.71895087,689.0,110.0,0.7231703,848.0,229.0,0.8075411,612.0,233.0,0.92998993,960.0,379.0,0.8980184,478.0,376.0,0.49176988,869.0,513.0,0.7420572,557.0,518.0,0.55596894,791.0,627.0,0.860157,647.0,623.0,0.88535434,752.0,929.0,0.8355973,609.0,921.0,0.91980636,718.0,1158.0,0.8675194,580.0,1185.0,0.63462305,0,hip
"hip/tf.Tensor(
[[[208 213 206]
  [208 213 206]
  [208 213 206]
  ...
  [213 217 216]
  [212 216 215]
  [212 216 215]]

 [[208 213 206]
  [208 213 206]
  [208 213 206]
  ...
  [213 217 216]
  [212 216 215]
  [212 216 215]]

 [[208 213 206]
  [208 213 206]
  [208 213 206]
  ...
  [213 217 216]
  [212 216 215]
  [212 216 215]]

 ...

 [[  0   0   0]
  [  0   0   0]
  [  0   0   0]
  ...
  [  0   0   0]
  [  0   0   0]
  [  0   0   0]]

 [[  0   0   0]
  [  0   0   0]
  [  0   0   0]
  ...
  [  0   0   0]
  [  0   0   0]
  [  0   0   0]]

 [[  0   0   0]
  [  0   0   0]
  [  0   0   0]
  ...
  [  0   0   0]
  [  0   0   0]
  [  0   0   0]]], shape=(1390, 866, 3), dtype=uint8)",423.0,241.0,0.7248213,444.0,221.0,0.7968293,401.0,219.0,0.65932214,470.0,240.0,0.63516045,377.0,237.0,0.7340394,513.0,337.0,0.70204484,329.0,345.0,0.8462682,632.0,447.0,0.8405934,230.0,453.0,0.7843706,547.0,551.0,0.8467159,296.0,565.0,0.6554564,498.0,679.0,0.86989504,378.0,681.0,0.8760041,483.0,876.0,0.82136726,395.0,852.0,0.68738717,473.0,1073.0,0.6363754,408.0,1030.0,0.67819905,0,hip
"hip/tf.Tensor(
[[[240 244 245]
  [240 244 245]
  [240 244 245]
  ...
  [248 252 253]
  [248 252 253]
  [248 252 253]]

 [[240 244 245]
  [240 244 245]
  [240 244 245]
  ...
  [248 252 253]
  [248 252 253]
  [248 252 253]]

 [[239 243 244]
  [240 244 245]
  [240 244 245]
  ...
  [247 251 252]
  [247 251 252]
  [247 251 252]]

 ...

 [[255 255 255]
  [255 255 255]
  [255 255 255]
  ...
  [255 255 255]
  [255 255 255]
  [255 255 255]]

 [[255 255 255]
  [255 255 255]
  [255 255 255]
  ...
  [255 255 255]
  [255 255 255]
  [255 255 255]]

 [[255 255 255]
  [255 255 255]
  [255 255 255]
  ...
  [255 255 255]
  [255 255 255]
  [255 255 255]]], shape=(280, 173, 3), dtype=uint8)",93.0,67.0,0.8252423,97.0,63.0,0.8505907,89.0,60.0,0.81702113,95.0,62.0,0.59149146,76.0,57.0,0.8468617,99.0,84.0,0.65923643,62.0,75.0,0.90490884,111.0,104.0,0.71405345,38.0,99.0,0.72849023,102.0,120.0,0.76853824,56.0,123.0,0.7669824,94.0,144.0,0.8918813,70.0,145.0,0.85758245,95.0,184.0,0.81701005,67.0,181.0,0.7425897,97.0,220.0,0.9221219,65.0,219.0,0.8471995,0,hip
"hip/tf.Tensor(
[[[243 248 251]
  [243 248 251]
  [243 248 251]
  ...
  [255 255 255]
  [255 255 255]
  [255 255 255]]

 [[243 248 251]
  [243 248 251]
  [243 248 251]
  ...
  [255 255 255]
  [255 255 255]
  [255 255 255]]

 [[243 248 251]
  [243 248 251]
  [243 248 251]
  ...
  [255 255 255]
  [255 255 255]
  [255 255 255]]

 ...

 [[186 198 210]
  [178 194 207]
  [166 188 202]
  ...
  [143 100  66]
  [145 104  74]
  [130  93  67]]

 [[177 190 206]
  [170 186 201]
  [161 179 193]
  ...
  [135 100  62]
  [144 111  78]
  [115  85  57]]

 [[172 188 204]
  [168 184 199]
  [160 174 187]
  ...
  [148 102  69]
  [136  92  63]
  [134  94  69]]], shape=(1000, 667, 3), dtype=uint8)",353.0,188.0,0.5841659,369.0,174.0,0.7516873,337.0,175.0,0.73080415,392.0,190.0,0.61702144,315.0,190.0,0.538201,426.0,285.0,0.75348294,280.0,298.0,0.7836566,501.0,400.0,0.7488307,186.0,407.0,0.6932695,440.0,468.0,0.3982946,275.0,476.0,0.6419382,400.0,516.0,0.72242403,314.0,517.0,0.7465183,402.0,709.0,0.82891095,301.0,725.0,0.67922217,410.0,865.0,0.57438725,297.0,900.0,0.6837085,0,hip
"hip/tf.Tensor(
[[[146 150 151]
  [146 150 151]
  [146 150 151]
  ...
  [146 150 151]
  [146 150 151]
  [146 150 151]]

 [[146 150 151]
  [146 150 151]
  [146 150 151]
  ...
  [146 150 151]
  [146 150 151]
  [146 150 151]]

 [[146 150 151]
  [146 150 151]
  [146 150 151]
  ...
  [146 150 151]
  [146 150 151]
  [146 150 151]]

 ...

 [[  3   3   3]
  [255 255 255]
  [253 253 253]
  ...
  [255 255 255]
  [255 255 255]
  [255 255 255]]

 [[  3   3   3]
  [255 255 255]
  [253 253 253]
  ...
  [255 255 255]
  [255 255 255]
  [255 255 255]]

 [[  3   3   3]
  [255 255 255]
  [253 253 253]
  ...
  [255 255 255]
  [255 255 255]
  [255 255 255]]], shape=(280, 184, 3), dtype=uint8)",54.0,151.0,0.47404423,56.0,148.0,0.37395957,52.0,149.0,0.42590627,59.0,148.0,0.4915101,47.0,150.0,0.58789897,63.0,159.0,0.6007533,39.0,158.0,0.5532088,70.0,173.0,0.34252286,34.0,174.0,0.23523392,68.0,183.0,0.4979131,36.0,185.0,0.48689473,57.0,190.0,0.55210996,44.0,190.0,0.5142156,57.0,213.0,0.4393779,45.0,212.0,0.54114777,57.0,235.0,0.30005777,45.0,236.0,0.5066523,0,hip
"hip/tf.Tensor(
[[[136 142 140]
  [136 142 140]
  [136 142 140]
  ...
  [175 180 183]
  [175 180 183]
  [175 180 183]]

 [[136 142 140]
  [136 142 140]
  [136 142 140]
  ...
  [175 180 183]
  [175 180 183]
  [175 180 183]]

 [[136 142 140]
  [136 142 140]
  [136 142 140]
  ...
  [175 180 183]
  [175 180 183]
  [175 180 183]]

 ...

 [[138 138 138]
  [138 138 138]
  [138 138 138]
  ...
  [191 191 191]
  [191 191 191]
  [191 191 191]]

 [[138 138 138]
  [138 138 138]
  [138 138 138]
  ...
  [191 191 191]
  [191 191 191]
  [191 191 191]]

 [[138 138 138]
  [138 138 138]
  [138 138 138]
  ...
  [191 191 191]
  [191 191 191]
  [191 191 191]]], shape=(1080, 1920, 3), dtype=uint8)",904.0,262.0,0.52455527,919.0,245.0,0.48710597,887.0,245.0,0.56863827,953.0,249.0,0.63656676,868.0,261.0,0.4488498,987.0,361.0,0.45877358,836.0,367.0,0.35859218,1016.0,485.0,0.12546842,804.0,462.0,0.21459532,999.0,547.0,0.1947508,829.0,555.0,0.14784771,950.0,594.0,0.25151977,851.0,593.0,0.46181178,938.0,769.0,0.29069796,844.0,757.0,0.3120479,916.0,959.0,0.2867529,867.0,958.0,0.2872816,0,hip
"hip/tf.Tensor(
[[[232 228 219]
  [235 231 222]
  [233 229 220]
  ...
  [204 188 173]
  [201 182 167]
  [197 178 163]]

 [[237 230 222]
  [237 233 222]
  [239 232 224]
  ...
  [219 205 192]
  [213 197 182]
  [211 195 180]]

 [[234 225 216]
  [233 227 215]
  [234 225 216]
  ...
  [230 220 210]
  [227 217 205]
  [225 215 203]]

 ...

 [[199 156 121]
  [199 156 121]
  [199 156 121]
  ...
  [186 141 108]
  [185 140 107]
  [185 140 107]]

 [[198 155 120]
  [198 155 120]
  [198 155 120]
  ...
  [190 146 111]
  [187 142 109]
  [187 142 109]]

 [[194 149 116]
  [195 150 117]
  [196 151 118]
  ...
  [191 146 113]
  [192 146 113]
  [192 146 113]]], shape=(417, 626, 3), dtype=uint8)",236.0,145.0,0.7384297,239.0,130.0,0.5434821,218.0,139.0,0.77596146,243.0,130.0,0.55832165,202.0,151.0,0.6678993,279.0,182.0,0.86166596,191.0,193.0,0.62414014,294.0,249.0,0.4815975,226.0,270.0,0.74936116,313.0,281.0,0.54285616,299.0,284.0,0.5734347,248.0,330.0,0.62772727,195.0,331.0,0.7014724,299.0,355.0,0.800813,285.0,230.0,0.30286556,187.0,364.0,0.71504486,350.0,354.0,0.6966589,0,hip
"hip/tf.Tensor(
[[[255 255 255]
  [255 255 255]
  [255 255 255]
  ...
  [255 255 255]
  [255 255 255]
  [255 255 255]]

 [[255 255 255]
  [255 255 255]
  [255 255 255]
  ...
  [255 255 255]
  [255 255 255]
  [255 255 255]]

 [[255 255 255]
  [255 255 255]
  [255 255 255]
  ...
  [255 255 255]
  [255 255 255]
  [255 255 255]]

 ...

 [[  5   5   5]
  [255 255 255]
  [250 250 250]
  ...
  [255 255 255]
  [255 255 255]
  [255 255 255]]

 [[  0   0   0]
  [255 255 255]
  [255 255 255]
  ...
  [255 255 255]
  [255 255 255]
  [255 255 255]]

 [[  8   8   8]
  [250 250 250]
  [252 252 252]
  ...
  [255 255 255]
  [255 255 255]
  [255 255 255]]], shape=(280, 163, 3), dtype=uint8)",78.0,40.0,0.79592156,83.0,37.0,0.8925354,77.0,38.0,0.52119726,96.0,40.0,0.88801444,80.0,41.0,0.7419259,109.0,66.0,0.8892338,72.0,71.0,0.8114233,136.0,96.0,0.87294054,70.0,100.0,0.8746432,113.0,113.0,0.9029619,77.0,69.0,0.6378637,102.0,133.0,0.9057114,80.0,135.0,0.89874655,101.0,182.0,0.9081697,58.0,179.0,0.8712437,97.0,231.0,0.7843444,60.0,229.0,0.7701659,0,hip
